SET SEARCH_PATH TO "cs421g04";

insert into "Users" (name, address, email, "isPremium", points) values ('Gregory Gutierrez', '19522 Pankratz Terrace', 'ggutierrez0@dailymotion.com', true, 917);
insert into "Users" (name, address, email, "isPremium", points) values ('Harold Welch', '811 Calypso Place', 'hwelch1@scribd.com', false, 1469);
insert into "Users" (name, address, email, "isPremium", points) values ('Dorothy Mccoy', '669 Londonderry Pass', 'dmccoy2@bravesites.com', true, 484);
insert into "Users" (name, address, email, "isPremium", points) values ('Earl Gray', '20179 Ramsey Hill', 'egray3@usa.gov', false, 865);
insert into "Users" (name, address, email, "isPremium", points) values ('Robin Lewis', '934 Luster Place', 'rlewis4@163.com', true, 696);
insert into "Users" (name, address, email, "isPremium", points) values ('David Shaw', '10611 Mitchell Junction', 'dshaw5@infoseek.co.jp', true, 47);
insert into "Users" (name, address, email, "isPremium", points) values ('Judy Henry', '16 Lien Pass', 'jhenry6@springer.com', true, 1394);
insert into "Users" (name, address, email, "isPremium", points) values ('Kimberly Cunningham', '27245 Hooker Junction', 'kcunningham7@marketwatch.com', true, 387);
insert into "Users" (name, address, email, "isPremium", points) values ('Helen Gilbert', '27508 Eagle Crest Drive', 'hgilbert8@icq.com', false, 222);
insert into "Users" (name, address, email, "isPremium", points) values ('Joan Marshall', '61 Sachs Crossing', 'jmarshall9@go.com', true, 1376);
insert into "Users" (name, address, email, "isPremium", points) values ('Donald Henderson', '6 Elka Plaza', 'dhendersona@utexas.edu', false, 1072);
insert into "Users" (name, address, email, "isPremium", points) values ('Virginia James', '1 Weeping Birch Parkway', 'vjamesb@chron.com', false, 338);
insert into "Users" (name, address, email, "isPremium", points) values ('Todd Mitchell', '56 South Way', 'tmitchellc@google.es', false, 736);
insert into "Users" (name, address, email, "isPremium", points) values ('Marie Freeman', '3 Glendale Park', 'mfreemand@engadget.com', true, 733);
insert into "Users" (name, address, email, "isPremium", points) values ('Pamela Brown', '22 Toban Avenue', 'pbrowne@sohu.com', true, 67);
insert into "Users" (name, address, email, "isPremium", points) values ('Dorothy Hunt', '27 Graedel Drive', 'dhuntf@cbsnews.com', false, 252);
insert into "Users" (name, address, email, "isPremium", points) values ('Todd Cunningham', '60804 Charing Cross Street', 'tcunninghamg@hubpages.com', false, 1492);
insert into "Users" (name, address, email, "isPremium", points) values ('Joan Riley', '88797 Rigney Crossing', 'jrileyh@cisco.com', true, 1189);
insert into "Users" (name, address, email, "isPremium", points) values ('Phyllis Webb', '593 Fieldstone Hill', 'pwebbi@geocities.jp', false, 524);
insert into "Users" (name, address, email, "isPremium", points) values ('Paula Austin', '6 Amoth Drive', 'paustinj@com.com', true, 38);
insert into "Users" (name, address, email, "isPremium", points) values ('Stephanie Reynolds', '469 Lillian Alley', 'sreynoldsk@oakley.com', true, 587);
insert into "Users" (name, address, email, "isPremium", points) values ('Ruth Flores', '6506 Sauthoff Center', 'rfloresl@nasa.gov', true, 437);
insert into "Users" (name, address, email, "isPremium", points) values ('Ashley Vasquez', '49 Heffernan Avenue', 'avasquezm@sbwire.com', true, 1388);
insert into "Users" (name, address, email, "isPremium", points) values ('Janice Reyes', '74886 Rutledge Center', 'jreyesn@quantcast.com', false, 80);
insert into "Users" (name, address, email, "isPremium", points) values ('Ronald Watson', '809 Thackeray Center', 'rwatsono@census.gov', false, 838);
insert into "Users" (name, address, email, "isPremium", points) values ('Richard Cole', '022 Fallview Point', 'rcolep@odnoklassniki.ru', true, 181);
insert into "Users" (name, address, email, "isPremium", points) values ('Robert Peterson', '35637 International Junction', 'rpetersonq@e-recht24.de', true, 180);
insert into "Users" (name, address, email, "isPremium", points) values ('Jennifer Campbell', '17984 Stone Corner Center', 'jcampbellr@i2i.jp', false, 1493);
insert into "Users" (name, address, email, "isPremium", points) values ('Mary Ray', '9762 Farwell Park', 'mrays@prnewswire.com', true, 976);
insert into "Users" (name, address, email, "isPremium", points) values ('Kathy Banks', '2524 Magdeline Street', 'kbankst@shop-pro.jp', false, 661);
insert into "Users" (name, address, email, "isPremium", points) values ('Daniel Johnston', '52475 Mitchell Street', 'djohnstonu@sina.com.cn', false, 1410);
insert into "Users" (name, address, email, "isPremium", points) values ('Paul Morgan', '36181 Cottonwood Street', 'pmorganv@mit.edu', true, 801);
insert into "Users" (name, address, email, "isPremium", points) values ('Samuel Ross', '8402 Rowland Drive', 'srossw@deliciousdays.com', true, 1353);
insert into "Users" (name, address, email, "isPremium", points) values ('Kenneth Medina', '9 Fairfield Hill', 'kmedinax@indiatimes.com', true, 410);
insert into "Users" (name, address, email, "isPremium", points) values ('Anthony Diaz', '25 Golf View Crossing', 'adiazy@state.tx.us', false, 925);
insert into "Users" (name, address, email, "isPremium", points) values ('John Hernandez', '3622 Gale Lane', 'jhernandezz@sourceforge.net', false, 639);
insert into "Users" (name, address, email, "isPremium", points) values ('Virginia Hanson', '4 Vahlen Parkway', 'vhanson10@ed.gov', false, 488);
insert into "Users" (name, address, email, "isPremium", points) values ('Donna Palmer', '346 Express Hill', 'dpalmer11@liveinternet.ru', true, 1072);
insert into "Users" (name, address, email, "isPremium", points) values ('Wanda Pierce', '42360 Little Fleur Road', 'wpierce12@icio.us', false, 372);
insert into "Users" (name, address, email, "isPremium", points) values ('Laura Carpenter', '5761 Stoughton Place', 'lcarpenter13@bloglines.com', false, 576);
insert into "Users" (name, address, email, "isPremium", points) values ('Annie Carroll', '84 Carberry Place', 'acarroll14@addtoany.com', true, 1468);
insert into "Users" (name, address, email, "isPremium", points) values ('Louise Smith', '0 Northfield Court', 'lsmith15@berkeley.edu', true, 695);
insert into "Users" (name, address, email, "isPremium", points) values ('Donna Bowman', '92 Anniversary Way', 'dbowman16@toplist.cz', false, 1194);
insert into "Users" (name, address, email, "isPremium", points) values ('Paula Harper', '997 Merrick Junction', 'pharper17@dot.gov', true, 1108);
insert into "Users" (name, address, email, "isPremium", points) values ('Jack Chapman', '0 Sunfield Junction', 'jchapman18@abc.net.au', true, 134);
insert into "Users" (name, address, email, "isPremium", points) values ('Larry Palmer', '4 Logan Street', 'lpalmer19@dropbox.com', false, 687);
insert into "Users" (name, address, email, "isPremium", points) values ('Norma Gardner', '1162 Killdeer Place', 'ngardner1a@amazonaws.com', false, 1121);
insert into "Users" (name, address, email, "isPremium", points) values ('Eric Kennedy', '9 Loomis Junction', 'ekennedy1b@jigsy.com', false, 80);
insert into "Users" (name, address, email, "isPremium", points) values ('Martha Schmidt', '3109 Thierer Court', 'mschmidt1c@huffingtonpost.com', true, 512);
insert into "Users" (name, address, email, "isPremium", points) values ('Chris Riley', '3072 Everett Court', 'criley1d@plala.or.jp', false, 611);

INSERT INTO "Branches" (address) VALUES ('475 President Kennedy');
INSERT INTO "Branches" (address) VALUES ('5960 Boulevard Decarie');
INSERT INTO "Branches" (address) VALUES ('1717 Rue Berri');
INSERT INTO "Branches" (address) VALUES ('3480 Boulevard Des Sources');
INSERT INTO "Branches" (address) VALUES ('1555 Cure Labelle');

-- Cars: Economy, Compact, Mid-size, Standard, Full-size, Premium, Luxury, SUV, and Van.
INSERT INTO "Vehicles" (make, model, "passCapacity", "costPerDay", type, transmission, "bID") VALUES ('Hyundai', 'Accent', 5, 70, 'Compact', 'Automatic', 1);
INSERT INTO "Vehicles" (make, model, "passCapacity", "costPerDay", type, transmission, "bID") VALUES ('Hyundai', 'Accent', 5, 70, 'Compact', 'Manual', 1);
INSERT INTO "Vehicles" (make, model, "passCapacity", "costPerDay", type, transmission, "bID") VALUES ('Chrysler', 'Grand Cherokee', 5, 120, 'SUV', 'Automatic', 1);
INSERT INTO "Vehicles" (make, model, "passCapacity", "costPerDay", type, transmission, "bID") VALUES ('Hyundai', 'Elantra', 5, 85, 'Mid-size', 'Automatic', 2);
INSERT INTO "Vehicles" (make, model, "passCapacity", "costPerDay", type, transmission, "bID") VALUES ('Hyundai', 'Elantra', 5, 85, 'Mid-size', 'Manual', 2);
INSERT INTO "Vehicles" (make, model, "passCapacity", "costPerDay", type, transmission, "bID") VALUES ('GM', 'Yukon XL', 8, 150, 'SUV', 'Automatic', 2);
INSERT INTO "Vehicles" (make, model, "passCapacity", "costPerDay", type, transmission, "bID") VALUES ('Hyundai', 'Sonata', 5, 90, 'Full-size', 'Automatic', 3);
INSERT INTO "Vehicles" (make, model, "passCapacity", "costPerDay", type, transmission, "bID") VALUES ('Hyundai', 'Sonata', 5, 90, 'Full-size', 'Manual', 3);
INSERT INTO "Vehicles" (make, model, "passCapacity", "costPerDay", type, transmission, "bID") VALUES ('Chrysler', 'Grand Caravan', 7, 140, 'Van', 'Automatic', 3);
INSERT INTO "Vehicles" (make, model, "passCapacity", "costPerDay", type, transmission, "bID") VALUES ('Ford', 'Taurus', 5, 100, 'Premium', 'Automatic', 4);
INSERT INTO "Vehicles" (make, model, "passCapacity", "costPerDay", type, transmission, "bID") VALUES ('Ford', 'Taurus', 5, 100, 'Premium', 'Manual', 4);
INSERT INTO "Vehicles" (make, model, "passCapacity", "costPerDay", type, transmission, "bID") VALUES ('Chrysler', '200 Convertible', 4, 120, 'Luxury', 'Automatic', 4);
INSERT INTO "Vehicles" (make, model, "passCapacity", "costPerDay", type, transmission, "bID") VALUES ('Ford', 'Lincoln MKS', 5, 110, 'Luxury', 'Automatic', 5);
INSERT INTO "Vehicles" (make, model, "passCapacity", "costPerDay", type, transmission, "bID") VALUES ('Ford', 'Lincoln MKS', 5, 110, 'Luxury', 'Manual', 5);
INSERT INTO "Vehicles" (make, model, "passCapacity", "costPerDay", type, transmission, "bID") VALUES ('Ford', 'Mustang GT Convertible', 5, 140, 'Luxury', 'Manual', 5);
INSERT INTO "Vehicles" (make, model, "passCapacity", "costPerDay", type, transmission, "bID") VALUES ('Tesla', 'Model S', 5, 140, 'Luxury', 'Automatic', 5);

INSERT INTO "InsurancePolicy" ("typeOfCoverage", price, description) VALUES ('N/A', 0, 'No coverage');
INSERT INTO "InsurancePolicy" ("typeOfCoverage", price, description) VALUES ('loss-damage waiver', 50, 'Damage waiver or, as it is often referred to, collision damage waiver (CDW) or loss damage waiver (LDW), is optional damage insurance coverage that is available to you when you rent a car.
Car rental companies treat the CDW as a waiver of their right to make the renter pay for damages to the car.');

INSERT INTO "InsurancePolicy" ("typeOfCoverage", price, description) VALUES ('liability coverage', 75, 'Liability car insurance covers damages to another person resulting from an accident you cause.');
INSERT INTO "InsurancePolicy" ("typeOfCoverage", price, description) VALUES ('personal accident insurance', 100, 'Personal Accident Insurance (PAI) provides accidental death benefits and emergency medical expense benefits to the renter and all passengers in the car');
INSERT INTO "InsurancePolicy" ("typeOfCoverage", price, description) VALUES ('personal effects coverage', 125, 'Personal Effects Protection insures the personal belongings of the renter and the immediate family members who are traveling with the renter.');

INSERT INTO "Reservations" ("licenseNumber", "pickUpDate", "returnDate", "isReturned", "uID", "vID", "typeOfCoverage") VALUES ('A1234-071182-01', '2016-02-27 13:45:16', '2016-02-29 13:45:16', '0', 1, 1, 'N/A');
INSERT INTO "Reservations" ("licenseNumber", "pickUpDate", "returnDate", "isReturned", "uID", "vID", "typeOfCoverage") VALUES ('A1235-170495-11', '2016-02-24 13:45:16', '2016-02-27 13:45:16', '0', 2, 3, 'loss-damage waiver');
INSERT INTO "Reservations" ("licenseNumber", "pickUpDate", "returnDate", "isReturned", "uID", "vID", "typeOfCoverage") VALUES ('A1231-280289-05', '2016-02-27 13:45:16', '2016-03-01 13:45:16', '0', 3, 5, 'liability coverage');
INSERT INTO "Reservations" ("licenseNumber", "pickUpDate", "returnDate", "isReturned", "uID", "vID", "typeOfCoverage") VALUES ('A1238-301273-09', '2016-02-27 13:45:16', '2016-03-04 13:45:16', '0', 4, 7, 'personal accident insurance');
INSERT INTO "Reservations" ("licenseNumber", "pickUpDate", "returnDate", "isReturned", "uID", "vID", "typeOfCoverage") VALUES ('A1239-191093-03', '2016-02-27 13:45:16', '2016-02-29 13:45:16', '0', 5, 9, 'personal effects coverage');
INSERT INTO "Reservations" ("licenseNumber", "pickUpDate", "returnDate", "isReturned", "uID", "vID", "typeOfCoverage") VALUES ('L5784-140285-07', '2015-09-23 13:45:16', '2015-09-27 13:45:16', '1', 2, 12, 'personal accident insurance');
INSERT INTO "Reservations" ("licenseNumber", "pickUpDate", "returnDate", "isReturned", "uID", "vID", "typeOfCoverage") VALUES ('L4578-020576-03', '2015-09-29 13:45:16', '2015-10-03 13:45:16', '1', 3, 2, 'personal accident insurance');
INSERT INTO "Reservations" ("licenseNumber", "pickUpDate", "returnDate", "isReturned", "uID", "vID", "typeOfCoverage") VALUES ('L0034-210691-05', '2015-10-03 13:45:16', '2015-10-05 13:45:16', '1', 4, 7, 'personal effects coverage');
INSERT INTO "Reservations" ("licenseNumber", "pickUpDate", "returnDate", "isReturned", "uID", "vID", "typeOfCoverage") VALUES ('L2434-100791-02', '2015-10-07 13:45:16', '2015-10-12 13:45:16', '0', 5, 12, 'liability coverage');
INSERT INTO "Reservations" ("licenseNumber", "pickUpDate", "returnDate", "isReturned", "uID", "vID", "typeOfCoverage") VALUES ('M3521-201187-08', '2015-10-07 13:45:16', '2015-10-10 13:45:16', '1', 1, 5, 'loss-damage waiver');
INSERT INTO "Reservations" ("licenseNumber", "pickUpDate", "returnDate", "isReturned", "uID", "vID", "typeOfCoverage") VALUES ('T3465-190563-11', '2015-10-09 13:45:16', '2015-10-15 13:45:16', '1', 2, 3, 'personal effects coverage');
INSERT INTO "Reservations" ("licenseNumber", "pickUpDate", "returnDate", "isReturned", "uID", "vID", "typeOfCoverage") VALUES ('S3782-030784-10', '2015-10-10 13:45:16', '2015-10-15 13:45:16', '1', 3, 6, 'personal accident insurance');
insert into "Reservations" ("licenseNumber", "pickUpDate", "returnDate", "isReturned", "uID", "vID", "typeOfCoverage") values ('C3965-459771-86', '2015-03-04', '2015-11-19', true, 34, 15, 'personal accident insurance');
insert into "Reservations" ("licenseNumber", "pickUpDate", "returnDate", "isReturned", "uID", "vID", "typeOfCoverage") values ('P7539-051215-17', '2014-12-10', '2015-09-06', false, 47, 12, 'liability coverage');
insert into "Reservations" ("licenseNumber", "pickUpDate", "returnDate", "isReturned", "uID", "vID", "typeOfCoverage") values ('Y2306-019499-67', '2015-05-06', '2015-06-20', true, 38, 4, 'personal accident insurance');
insert into "Reservations" ("licenseNumber", "pickUpDate", "returnDate", "isReturned", "uID", "vID", "typeOfCoverage") values ('M7480-103420-14', '2015-09-28', '2015-05-17', false, 19, 14, 'loss-damage waiver');
insert into "Reservations" ("licenseNumber", "pickUpDate", "returnDate", "isReturned", "uID", "vID", "typeOfCoverage") values ('W9551-386643-31', '2015-05-01', '2015-03-11', true, 39, 2, 'personal effects coverage');
insert into "Reservations" ("licenseNumber", "pickUpDate", "returnDate", "isReturned", "uID", "vID", "typeOfCoverage") values ('K3260-146141-70', '2015-06-01', '2015-03-28', false, 20, 12, 'personal effects coverage');
insert into "Reservations" ("licenseNumber", "pickUpDate", "returnDate", "isReturned", "uID", "vID", "typeOfCoverage") values ('K5331-565694-99', '2014-12-26', '2015-05-19', false, 4, 7, 'personal effects coverage');
insert into "Reservations" ("licenseNumber", "pickUpDate", "returnDate", "isReturned", "uID", "vID", "typeOfCoverage") values ('L7475-369111-52', '2015-07-18', '2015-11-11', true, 46, 5, 'loss-damage waiver');
insert into "Reservations" ("licenseNumber", "pickUpDate", "returnDate", "isReturned", "uID", "vID", "typeOfCoverage") values ('T9459-679667-81', '2015-05-07', '2015-10-10', true, 31, 15, 'personal effects coverage');
insert into "Reservations" ("licenseNumber", "pickUpDate", "returnDate", "isReturned", "uID", "vID", "typeOfCoverage") values ('P6119-883309-33', '2015-06-27', '2015-05-21', false, 12, 12, 'personal effects coverage');
insert into "Reservations" ("licenseNumber", "pickUpDate", "returnDate", "isReturned", "uID", "vID", "typeOfCoverage") values ('F8339-367011-05', '2015-05-12', '2015-08-16', true, 53, 7, 'liability coverage');
insert into "Reservations" ("licenseNumber", "pickUpDate", "returnDate", "isReturned", "uID", "vID", "typeOfCoverage") values ('Q2997-117460-25', '2015-02-09', '2015-05-27', false, 31, 3, 'liability coverage');
insert into "Reservations" ("licenseNumber", "pickUpDate", "returnDate", "isReturned", "uID", "vID", "typeOfCoverage") values ('E2958-493079-30', '2015-10-05', '2015-07-10', true, 45, 6, 'personal effects coverage');
insert into "Reservations" ("licenseNumber", "pickUpDate", "returnDate", "isReturned", "uID", "vID", "typeOfCoverage") values ('R2495-958389-50', '2015-02-24', '2015-12-01', false, 3, 3, 'personal effects coverage');
insert into "Reservations" ("licenseNumber", "pickUpDate", "returnDate", "isReturned", "uID", "vID", "typeOfCoverage") values ('R8349-394305-67', '2015-06-17', '2015-07-05', false, 8, 15, 'personal effects coverage');

INSERT INTO "Bill" ("amount", "date", "paymentMethod", "isPaid", "rID") VALUES (200, '2016-02-26 13:45:16', 'VISA', '1', 1);
INSERT INTO "Bill" ("amount", "date", "paymentMethod", "isPaid", "rID") VALUES (300, '2016-02-23 13:45:16', 'VISA', '1', 2);
INSERT INTO "Bill" ("amount", "date", "paymentMethod", "isPaid", "rID") VALUES (400, '2016-02-26 13:45:16', 'MasterCard', '1', 3);
INSERT INTO "Bill" ("amount", "date", "paymentMethod", "isPaid", "rID") VALUES (450, '2016-02-26 13:45:16', 'Debit', '1', 4);
INSERT INTO "Bill" ("amount", "date", "paymentMethod", "isPaid", "rID") VALUES (500, '2016-02-26 13:45:16', 'Cash', '0', 5);

INSERT INTO "Damage" ("vID", "description", "date") VALUES (2, 'Accident occured when I did not check my blind spot so there is a dent in the right front door', '2016-01-16 13:45:16');
INSERT INTO "Damage" ("vID", "description", "date") VALUES (5, 'Rear ended at a stop sign', '2016-01-16 13:45:16');
INSERT INTO "Damage" ("vID", "description", "date") VALUES (8, 'Drunk driving and hit a tree', '2016-12-16 13:45:16');
INSERT INTO "Damage" ("vID", "description", "date") VALUES (11, 'Slippery road conditions caused the car to slide into a snow bank', '2016-11-16 13:45:16');
INSERT INTO "Damage" ("vID", "description", "date") VALUES (14, 'Driving too fast around a curve', '2016-09-16 13:45:16');
INSERT INTO "Damage" ("vID", "description", "date") VALUES (15, 'A car ran a red light and hit me in the intersection', '2016-01-06 13:45:16');
INSERT INTO "Damage" ("vID", "description", "date") VALUES (16, 'Backed up without looking and bumped a car', '2016-07-16 13:45:16');
INSERT INTO "Damage" ("vID", "description", "date") VALUES (1, 'Collided with a truck', '2014-08-16 13:45:16');

INSERT INTO "Review" ("vID", "userName", text, date, rating) VALUES (1, 'Idrivelongtimee', 'This is a good, very reliable, cheap to operate little car. No bueno when there is more than a few inchees of snow, but you can''t expect much.', '2016-02-18', 5);
INSERT INTO "Review" ("vID", "userName", text, date, rating) VALUES (3, 'Joe Rindfuss', 'My main complaint is the Navigation System – I would recommend skipping this option and buying a GPS since the Chrysler navigation system WILL get you lost.', '2015-11-16', 4);
INSERT INTO "Review" ("vID", "userName", text, date, rating) VALUES (5, 'Nik', 'the alignment or something is off... You can''t hold the damn car straight in one lane. No matter how straight and steady you hold the steering wheel, you still end up swerving and veering into someone else''s lane. Additional complaint: the worst acceleration that I''ve ever experienced in a vehicle... good luck pulling a heel.', '2015-09-12', 1);
INSERT INTO "Review" ("vID", "userName", text, date, rating) VALUES (6, 'lltautomobile', 'This is still the king of family haulers. It is comfortable and has a smooth ride. Quiet interior with little road noise.', '2015-04-13', 4);
INSERT INTO "Review" ("vID", "userName", text, date, rating) VALUES (8, 'Kris C.', 'The design is great. The ride is comfortable. The steering is smooth and effortless. The engine is quiet and moderately powerful. The HVAC performs flawlessly.', '2016-02-26', 5);
INSERT INTO "Review" ("vID", "userName", text, date, rating) VALUES (10, 'Dan', 'Purchased this 2013 limited used in 2014 and have owned it about one year. Nicest car I''ve ever owned. It looks nice, drives well, is quiet and very comfortable. I haven''t had any problems with it.', '2015-07-27', 5);
INSERT INTO "Review" ("vID", "userName", text, date, rating) VALUES (15, 'Denny Y', 'Ford finally put quality into the ''15 Stang! This sexy eye catcher is a great summer ride. Rides and handles like a dream and is extremely comfortable. My only complaint is the poor grip on wet and almost dangerous on snowy roads even with their std All Weather Eagle GTs.', '2015-12-31', 5);

INSERT INTO "CreditCard" ("cardNumber", "expiryDate", "cardHolderName", "uID", "billID") VALUES ('5239012573033351', '2017-09-01', 'Bernie Kaminski', 1, 1);
INSERT INTO "CreditCard" ("cardNumber", "expiryDate", "cardHolderName", "uID", "billID") VALUES ('4532813348142725', '2019-03-01', 'Raluca Niti', 2, 2);
INSERT INTO "CreditCard" ("cardNumber", "expiryDate", "cardHolderName", "uID", "billID") VALUES ('5423695974215225', '2017-10-01', 'Teo Baranga', 3, 3);
INSERT INTO "CreditCard" ("cardNumber", "expiryDate", "cardHolderName", "uID", "billID") VALUES ('5109469779509195', '2020-08-01', 'Tony Nguyen', 4, 4);
INSERT INTO "CreditCard" ("cardNumber", "expiryDate", "cardHolderName", "uID", "billID") VALUES ('5109469779504295', '2019-11-01', 'Anita Job', 5, 5);

INSERT INTO "Dropoff" ("rID", "bID") VALUES (1, 2);
INSERT INTO "Dropoff" ("rID", "bID") VALUES (2, 2);
INSERT INTO "Dropoff" ("rID", "bID") VALUES (3, 3);
INSERT INTO "Dropoff" ("rID", "bID") VALUES (4, 4);
INSERT INTO "Dropoff" ("rID", "bID") VALUES (5, 1);
INSERT INTO "Dropoff" ("rID", "bID") VALUES (6, 3);
INSERT INTO "Dropoff" ("rID", "bID") VALUES (7, 5);
INSERT INTO "Dropoff" ("rID", "bID") VALUES (8, 4);
INSERT INTO "Dropoff" ("rID", "bID") VALUES (9, 1);
INSERT INTO "Dropoff" ("rID", "bID") VALUES (10, 5);
INSERT INTO "Dropoff" ("rID", "bID") VALUES (11, 3);
INSERT INTO "Dropoff" ("rID", "bID") VALUES (12, 2);
INSERT INTO "Dropoff" ("rID", "bID") VALUES (13, 2);
INSERT INTO "Dropoff" ("rID", "bID") VALUES (14, 5);
INSERT INTO "Dropoff" ("rID", "bID") VALUES (15, 3);
INSERT INTO "Dropoff" ("rID", "bID") VALUES (16, 1);
INSERT INTO "Dropoff" ("rID", "bID") VALUES (17, 3);
INSERT INTO "Dropoff" ("rID", "bID") VALUES (18, 2);
INSERT INTO "Dropoff" ("rID", "bID") VALUES (19, 4);
INSERT INTO "Dropoff" ("rID", "bID") VALUES (20, 4);
INSERT INTO "Dropoff" ("rID", "bID") VALUES (21, 5);
INSERT INTO "Dropoff" ("rID", "bID") VALUES (22, 1);
INSERT INTO "Dropoff" ("rID", "bID") VALUES (23, 1);
INSERT INTO "Dropoff" ("rID", "bID") VALUES (24, 3);
INSERT INTO "Dropoff" ("rID", "bID") VALUES (25, 4);
INSERT INTO "Dropoff" ("rID", "bID") VALUES (26, 2);
INSERT INTO "Dropoff" ("rID", "bID") VALUES (27, 4);
INSERT INTO "Dropoff" ("rID", "bID") VALUES (28, 5);
INSERT INTO "Dropoff" ("rID", "bID") VALUES (29, 2);
INSERT INTO "Dropoff" ("rID", "bID") VALUES (30, 1);

INSERT INTO "Extras" (name, description, "costPerDay") VALUES ('Child Safety & Booster Seats', 'Safety 1st Kinrod Booster Car Seat', 10);
INSERT INTO "Extras" (name, description, "costPerDay") VALUES ('GPS', 'Garmin Nvi 56lm Gps', 15);
INSERT INTO "Extras" (name, description, "costPerDay") VALUES ('Roadside Assistance', 'Fast, reliable assistance when stranded on the highway, ran out of fuel or locked keys in rental car', 25);
INSERT INTO "Extras" (name, description, "costPerDay") VALUES ('Fuel Plans', 'Option to have us refuel your rental car at specified locations', 20);
INSERT INTO "Extras" (name, description, "costPerDay") VALUES ('Seat warmers', 'Tirol 12V Winter Warm Car Heated Seat Cushion', 5);

INSERT INTO "Upgrades" ("vID", "eID") VALUES (1, 3);
INSERT INTO "Upgrades" ("vID", "eID") VALUES (3, 1);
INSERT INTO "Upgrades" ("vID", "eID") VALUES (7, 2);
INSERT INTO "Upgrades" ("vID", "eID") VALUES (10, 4);
INSERT INTO "Upgrades" ("vID", "eID") VALUES (5, 1);
INSERT INTO "Upgrades" ("vID", "eID") VALUES (9, 1);
